file,size_bytes,sha256,rows,columns,column_names,first_date_like_value,last_date_like_value,read_error
nasdaq31.csv,2738,ca2eac1b20e54dd5045a8a6e51c3d10d66b9d1f1b85ca88267776dc3f87e8be8,31.0,7.0,Date | Open | High | Low | Close | Adj Close | Volume,2023-09-01,2023-10-16,
sp500.csv,0,e3b0c44298fc1c149afbf4c8996fb92427ae41e4649b934ca495991b7852b855,,,,,,EmptyDataError('No columns to parse from file')
archive\ABBV.csv,110396,55ea32a106bcdb873dfff52942b6e32925b582094cc347aa1c3e646ed7e765ec,2716.0,6.0,ticker | date | open | high | low | close,,,
archive\ABT.csv,409650,8458703431de8f823d7bda2547b3911e5818a7c4db2942f8236f96453b3e4ac5,10989.0,6.0,ticker | date | open | high | low | close,,,
archive\ACN.csv,222522,575c2b3212b63f7f7b3fa170135a89f9659774918890dd04929d823e3392880b,5596.0,6.0,ticker | date | open | high | low | close,,,
archive\AMT.csv,253335,d01bc46490c837a47487ab1cf91a2f5f5bd7dc26352c297f12dfae0e4c97823e,6451.0,6.0,ticker | date | open | high | low | close,,,
archive\AXP.csv,485684,abcfc66e840411d138955ff1637fd69ddf25fb99b8710ca806b7949a54085452,13048.0,6.0,ticker | date | open | high | low | close,,,
archive\BA.csv,569147,1d02fbaddecef606589f741305b434eebf061c1022abe30d86cc3e524652f0ce,15554.0,6.0,ticker | date | open | high | low | close,,,
archive\BABA.csv,95677,73faf02e95eea73a6099606927195e87a271cb321a6add31e5d0fc2849583360,2284.0,6.0,ticker | date | open | high | low | close,,,
archive\BAC.csv,469794,a270bd3726b1ae2367d60fb55df4c66a3b78e5bc293e52645d9884f3cd91e873,12775.0,6.0,ticker | date | open | high | low | close,,,
archive\BDX.csv,478650,5848d14e835fe657934369ae533ee1e28990ed809a504a7175608c6900383c75,12775.0,6.0,ticker | date | open | high | low | close,,,
archive\BHP.csv,404007,90b492ca61da862302a7f06113361ffa5cb707756abb4217d6d97c59860cf110,10989.0,6.0,ticker | date | open | high | low | close,,,
archive\BLK.csv,248863,72d11ac9d8045697d755313412c517f48698c1810f357fa46a8e56f1be0181ba,6049.0,6.0,ticker | date | open | high | low | close,,,
archive\BMY.csv,483615,28b80ed06794ce50f4fbc93372f7316a5384df2d80c297481d23e6ba39df8f11,12955.0,6.0,ticker | date | open | high | low | close,,,
archive\BP.csv,561787,df65f805d4f21ca838c2021b69fb9614f73779dca0ac60b26b46a356b05d1843,15554.0,6.0,ticker | date | open | high | low | close,,,
archive\BRK.B.csv,286749,11abf6da1c90edae35e35f5aa99fcb619bfa35e239350550039dfdeb16a34d70,6906.0,6.0,ticker | date | open | high | low | close,,,
archive\BUD.csv,143237,7669e4ef1989d1508bf15d4ba13eebd87e15e530acffc7bdb67191999025a08f,3598.0,6.0,ticker | date | open | high | low | close,,,
archive\BX.csv,154250,e54ede0ba890025906cbd3c7a075712d8c354038a0ccb1d3d4a2f943f954ab61,4109.0,6.0,ticker | date | open | high | low | close,,,
archive\C.csv,513831,59edb07a2a24ae4147caae160013685713d7117de5cc8ab305f58e7e512f0927,13566.0,6.0,ticker | date | open | high | low | close,,,
archive\CAT.csv,574801,eab7802e5f75919c49056339d869d425bcffe68939550d707584c89a55a56892,15554.0,6.0,ticker | date | open | high | low | close,,,
archive\CB.csv,295157,feb58d86bc27882148481ca45e47e680d04d8501f274890f51493379726da153,7696.0,6.0,ticker | date | open | high | low | close,,,
archive\CI.csv,388652,7859a0901561547f07a4f10bdeff548be3588f39106fdd73d575a7012d45f593,10474.0,6.0,ticker | date | open | high | low | close,,,
archive\COP.csv,397956,89251fe1162d5d60ec6113858f285a41d2142f450b80af02ade8b1b795a24bab,10536.0,6.0,ticker | date | open | high | low | close,,,
archive\CRM.csv,189933,8785a535213bd1de4dcef19e72293236b0f60a742e9aa717eebdbf4c6efbbfee,4863.0,6.0,ticker | date | open | high | low | close,,,
archive\CVS.csv,472249,f6eaeee18fd5eed8d1748e8ea2d8c1d4e5561d1b6647f59e7aed94bbfaf34c0e,12775.0,6.0,ticker | date | open | high | low | close,,,
archive\CVX.csv,584523,67b3cd07c8bc7a1f68289567f90e06e2800bb9a4022ab466f636f06c5b7384f8,15554.0,6.0,ticker | date | open | high | low | close,,,
archive\DE.csv,471626,b78bec26a7cc63e72fbb8b9d55ea2e80e3a453dcf015187eb1fadea1af65f660,12955.0,6.0,ticker | date | open | high | low | close,,,
archive\DEO.csv,325421,70cbb8b62d168c118020a3d56fcb7405a786ae157a6323b996d1459e62391ab6,8210.0,6.0,ticker | date | open | high | low | close,,,
archive\DHR.csv,417718,7b26397a8ad9fe3553a72f1e1277af48c7fe21940ddb0cd3fc7ff74a0767b726,11295.0,6.0,ticker | date | open | high | low | close,,,
archive\DIS.csv,576595,efea789c3a9bcdd309bd99b4a25b318efd281b1819055dbc823cfb8ad747da65,15554.0,6.0,ticker | date | open | high | low | close,,,
archive\ELV.csv,324224,f0ec068f5e5a7911a6450033393f526d7ebc6e7f80aff78cfa5a0fc0cd7ef5e5,7733.0,6.0,ticker | date | open | high | low | close,,,
archive\EOG.csv,321328,c8f742d380f2997516e75f040f01c4aa3fd599a735962263e53affe74347e5b8,8574.0,6.0,ticker | date | open | high | low | close,,,
archive\EQNR.csv,219357,b23e2f42fe8de6b88cdbfba41b35fc85182c52e9c007123b904308a5ed1822d4,5618.0,6.0,ticker | date | open | high | low | close,,,
archive\ETN.csv,481421,06099293ce94ac746a92cfb017a0385a996409d7c86f6e14c19f658e90246107,12955.0,6.0,ticker | date | open | high | low | close,,,
archive\FMX.csv,246843,b14d5acbe0554812bbacfa89cc113701f13eba450192c72892b8bc995cb28336,6401.0,6.0,ticker | date | open | high | low | close,,,
archive\GE.csv,583979,56ff50d1d9d9e5a9ef0c659becae099eb7928adee3c00a246c35f266da7a3eb1,15554.0,6.0,ticker | date | open | high | low | close,,,
archive\GS.csv,247526,0ebddfa8c37d8caea8c3f651bf83fc29a53635349bfd46bab56d80583d04bf9f,6154.0,6.0,ticker | date | open | high | low | close,,,
archive\GSK.csv,412459,72d776037bc3b059ded4c226bcfc1641808d82a39e93169ce401a55bbdbd0db5,10980.0,6.0,ticker | date | open | high | low | close,,,
archive\HD.csv,392515,4d07ca1aa55f2b4db9a329cfa8bf04edae2fbdb38f7703666bc0e397cf076996,10606.0,6.0,ticker | date | open | high | low | close,,,
archive\HDB.csv,207673,15e96b341f1801f19875eb89fa32559da8077deb58ffd692cb81a0c1a3db2d43,5595.0,6.0,ticker | date | open | high | low | close,,,
archive\HSBC.csv,240617,7cbba6f6adeef0c654b6fb9ee0eb2e29c99058501d35a77397919359fa808d93,6103.0,6.0,ticker | date | open | high | low | close,,,
archive\IBM.csv,612856,5b05856a5d72c228dbb3352f6b8a418fa5c3fe12a8842064fb14d169d3a80a25,15554.0,6.0,ticker | date | open | high | low | close,,,
archive\IBN.csv,210509,f16c86ff19e0c5d7c5d3faba07743992bda56e425e332347620694f6683cdc18,5926.0,6.0,ticker | date | open | high | low | close,,,
archive\JNJ.csv,576479,00381c238943a6639ceba5517159395d188f89bde21bac34881f412ed00b8f95,15554.0,6.0,ticker | date | open | high | low | close,,,
archive\JPM.csv,541089,fb30ba6d358119cb14f93c2d1936a26addc6f7657d37ce8447390d15f135cfa3,13566.0,6.0,ticker | date | open | high | low | close,,,
archive\KO.csv,553518,505a7eec2b769320d9572eea409a353e0da30e19cefac8d8fd1a87bd88064d3d,15554.0,6.0,ticker | date | open | high | low | close,,,
archive\LIN.csv,313617,115e1582965985082d8154ac91e46b9cdab9154080643877a939b46175dd6ed9,7891.0,6.0,ticker | date | open | high | low | close,,,
archive\LLY.csv,487833,e84e28cd050a79a5ee9be91642c5084551f11dd5da2830b29d0ce892a6361d05,12955.0,6.0,ticker | date | open | high | low | close,,,
archive\LMT.csv,457731,13dea5cf1601b0dc9ea79c500d2145bf61489eecf3b87ab9d3d37ed911161f67,11798.0,6.0,ticker | date | open | high | low | close,,,
archive\LOW.csv,407951,5e29663845431b1c41e1bfa0aa3f23e6b98f705aec7625caa7b85594226aaedf,10989.0,6.0,ticker | date | open | high | low | close,,,
archive\MA.csv,170124,d12f7c6d579bf4b4cbc2ad468b29d70b2d277653931ced5b4a015007103b3939,4379.0,6.0,ticker | date | open | high | low | close,,,
archive\MCD.csv,537415,2bbf52e2cffe2dc3e696d72cc8e49c25b43ae7e83f87322c41c3f8b0d8554ddb,14419.0,6.0,ticker | date | open | high | low | close,,,
archive\MDT.csv,467465,7bef3a109d3e0c5bc201474fc4702275a787f2b4f0bb68061c39229ca3ef7903,12726.0,6.0,ticker | date | open | high | low | close,,,
archive\MMC.csv,476857,0bbc721de10fbaeab8a827566e59d664979861f786f3fb1951bdd6192111f276,12775.0,6.0,ticker | date | open | high | low | close,,,
archive\MO.csv,554124,4b5ebd12d4f0ac65c46017daf84509a0631db80ebae725cc9712093ad336a48a,15554.0,6.0,ticker | date | open | high | low | close,,,
archive\MRK.csv,572677,0e4ca2c1905de060c8b02f28c22587c3b87e9ee3cc47ff25ed563626395e2101,15554.0,6.0,ticker | date | open | high | low | close,,,
archive\MS.csv,287570,6a9c32ebc347c0c4f27e80e7c29378eb316c91a781d3cdb05bc477cfd8307445,7718.0,6.0,ticker | date | open | high | low | close,,,
archive\MUFG.csv,203665,057092f6a6ad4d0b374afeb478f9d3b61c08f179002f6a9698d6993b8cd9a553,5671.0,6.0,ticker | date | open | high | low | close,,,
archive\NEE.csv,457991,9fd23a08fe160fd2a292fda06e7dc4e8b70d3decbe202389838306585504f31a,12775.0,6.0,ticker | date | open | high | low | close,,,
archive\NKE.csv,395713,eb9a97167bc970945959c543e56e88a0ffd934642832b72a5ab329c9b2c9fe7d,10809.0,6.0,ticker | date | open | high | low | close,,,
archive\NOC.csv,414071,7f8ebfee709dec2dafe3c8c42f98b01412b4591a2702f63aa555401467711b90,10536.0,6.0,ticker | date | open | high | low | close,,,
archive\NOW.csv,115436,30e611142f00aedc998731ac848cf9f0e450c9dcb410bd594a0de9a90f68dedc,2842.0,6.0,ticker | date | open | high | low | close,,,
archive\NVO.csv,388027,b33308a523d71379ca538c1f6d7bec8a041cac5b2311b9bea714f9101745291b,10706.0,6.0,ticker | date | open | high | low | close,,,
archive\NVS.csv,262187,5e1aedff253e2b68f51ecb37ee1a8712ab829280859841993bf1f2e2e5858d14,6779.0,6.0,ticker | date | open | high | low | close,,,
archive\ORCL.csv,361117,12039e84e9b4bdcd9f88dbce93440ca12dea1497133c4abfc2cc7f84823ef2b2,9476.0,6.0,ticker | date | open | high | low | close,,,
archive\PBR.A.csv,198376,832cb2fe78eddf0db08ff81174c1e3a78f0c9ac8ae97d4903ac2fa1700c1230c,5041.0,6.0,ticker | date | open | high | low | close,,,
archive\PBR.csv,216638,0415e035c11929cff45182392707eda50ec8e3e52778f0191438705080bc7321,5832.0,6.0,ticker | date | open | high | low | close,,,
archive\PFE.csv,476357,a27c1914419f17711095dfe17b8590bbbb3a59ae009e1190cb7df61a3a9c274c,12955.0,6.0,ticker | date | open | high | low | close,,,
archive\PG.csv,557765,5d59bb4c04abb55b7386614384a483dbbd10724f4163a1f24a3d7340bd6cf87b,15554.0,6.0,ticker | date | open | high | low | close,,,
archive\PGR.csv,404172,ad885e1c193203a8e2fe40eb84414ee73b810cf48b067b369e35b3afb358979e,10989.0,6.0,ticker | date | open | high | low | close,,,
archive\PLD.csv,279599,976342546b7e06c7022869179b42a7a6cdf2d2e64e27b64580d8f0f0f89eecaa,7089.0,6.0,ticker | date | open | high | low | close,,,
archive\PM.csv,149120,9da5ea548fbf90f5777b6e605f7cc6067919bfd6e520a9da84c4312423ca7b4e,3924.0,6.0,ticker | date | open | high | low | close,,,
archive\RIO.csv,322402,0f7ab1795503f253bc5136be0d0fdb17012996dd29170abeba47b7fc12cbf06f,8389.0,6.0,ticker | date | open | high | low | close,,,
archive\RTX.csv,561667,25918ef83c298d16d296a5a5c4e65d22bbed9e6c50e41fbfea16a4aa474be395,15491.0,6.0,ticker | date | open | high | low | close,,,
archive\RY.csv,264376,b62cecda7ed7bdf78a0c7d40e56f57599db93aa745aa50b11a6ea770fc66f7f4,7049.0,6.0,ticker | date | open | high | low | close,,,
archive\SAP.csv,277779,df95491907c673aff0dedf3e2a3874585a6bdc098632974f50b07f009c6e62e1,7069.0,6.0,ticker | date | open | high | low | close,,,
archive\SCHW.csv,346215,846b53c94d814f1d2996cae307fe0a0ce025480585d64f93474d1c75c6986a75,9089.0,6.0,ticker | date | open | high | low | close,,,
archive\SHEL.csv,288109,cf7cea2a23265e55b29ae85f388377df6f51086b60c3fd7722022eb76a81b128,7291.0,6.0,ticker | date | open | high | low | close,,,
archive\SLB.csv,402483,dec169cdada7069e21b8e612a77893c9f8332f7f50e47c6b7e14b23a8e34e07a,10536.0,6.0,ticker | date | open | high | low | close,,,
archive\SONY.csv,491119,7df4730215d93cd916bc776dd12873ab046cf4bda082da814fe8d32f85b7c63c,12775.0,6.0,ticker | date | open | high | low | close,,,
archive\SPGI.csv,487462,9179542d82036738c637a6bd075219b90cc31463b34e3c0fd958f5392218fa46,12775.0,6.0,ticker | date | open | high | low | close,,,
archive\SYK.csv,410691,b62d4b2fa7944f64d7243a1df4a1bb8516051921bb9f4795cad051821df7e3d7,10989.0,6.0,ticker | date | open | high | low | close,,,
archive\T.csv,361733,fff6d02103921735e946ef7f273ac6d251a7b1e6515cf5e14825b93506a4de6d,10057.0,6.0,ticker | date | open | high | low | close,,,
archive\TD.csv,254190,412d00957705d2c30867f08186870b27e1494bf0c5f087df274110f025c3c2ef,6827.0,6.0,ticker | date | open | high | low | close,,,
archive\TJX.csv,330024,a3848fcd11d63f63009b9859f2d0807ff0bba218317c47a7db73853bf0f67356,9149.0,6.0,ticker | date | open | high | low | close,,,
archive\TM.csv,412224,4b3f4b1d701f576a29f8e8fea084dea282e97fb7eb5ac9c624b01b823619a06e,10989.0,6.0,ticker | date | open | high | low | close,,,
archive\TMO.csv,419416,7b82eb031f77662c98e93733ec694641c311d0a2e6d033e82806c38f75aa2940,10989.0,6.0,ticker | date | open | high | low | close,,,
archive\TSM.csv,245380,86067889212224fde39b1894b3eec4e42bb5284db0fa848ba2d91df66aaa2bbd,6547.0,6.0,ticker | date | open | high | low | close,,,
archive\TTE.csv,310243,1985c08b9b9b4ec5a6e693fed1682cc07b9e9083ea371e55f8f7997a1b510b47,8053.0,6.0,ticker | date | open | high | low | close,,,
archive\UBER.csv,44137,45ae2d6e5384e50cad08dc58b678b3d740fadf00f7821e9fb8b5c667bce4b21a,1117.0,6.0,ticker | date | open | high | low | close,,,
archive\UBS.csv,226782,86f81aade49aba2e6ad3f6e10fbe2aa1f1679e33af5f55ca91ac5409fa47078e,5892.0,6.0,ticker | date | open | high | low | close,,,
archive\UL.csv,397832,30bb31886aef424745ac35f949a425622417a92c920869ade3fcf1ebcb9656b1,10983.0,6.0,ticker | date | open | high | low | close,,,
archive\UNH.csv,369906,eddeaf591dadd591be892a5c427ba6f0b1e2052a51cc9177f447bbaf89f445d0,9828.0,6.0,ticker | date | open | high | low | close,,,
archive\UNP.csv,418607,23672e09b0a876b9fba89e73de402268ea0a149c7fe214d38d364baa170ca0af,11041.0,6.0,ticker | date | open | high | low | close,,,
archive\UPS.csv,239170,c79e840a11239cbf88d550f7483df4a55f7ea5106fbc929c9660647a90428218,6021.0,6.0,ticker | date | open | high | low | close,,,
archive\V.csv,149471,ad4ebfae909fcb716811cbd7551fedd35e22f5a1d51efbc27a4c03edc52c9245,3923.0,6.0,ticker | date | open | high | low | close,,,
archive\VMW.csv,162986,e73328d603a0a6b5b2f8b1dc2cc5460cd1652a96f2680d24fd296a9cc2b67bc7,4073.0,6.0,ticker | date | open | high | low | close,,,
archive\VZ.csv,376208,1176517e77eac650bde9c29556397e3109f220733277ad2c5eae2025e73d247a,10057.0,6.0,ticker | date | open | high | low | close,,,
archive\WFC.csv,474779,1596c45bdcf8ad6cde29e8c09efa8664a979e517bcd6baa86707d0084cf0adff,12955.0,6.0,ticker | date | open | high | low | close,,,
archive\WMT.csv,487196,ee89fcbced194009bfb8c4fffc21e4b736f92976f2af961e0fa46f40cddf00c6,12988.0,6.0,ticker | date | open | high | low | close,,,
archive\XOM.csv,573629,1e456eba4d8dd927953b84ad038b2632af67055285db5470370dfbf35c001b2e,15554.0,6.0,ticker | date | open | high | low | close,,,
archive\ZTS.csv,108331,5e86b8b008d2d08c48d3ab8c70100c08674c14de6f188cc794aa9ff8aab2ff8b,2695.0,6.0,ticker | date | open | high | low | close,,,
